Participant 1;29/10/2020 14:32
Participant 2;29/10/2020 17:00
Participant 3;29/10/2020 19:32
Participant 4;29/10/2020 19:32
Participant 5;29/10/2020 19:32
Participant 6;29/10/2020 17:00
Participant 7;29/10/2020 17:00
Participant 8;29/10/2020 17:00
Participant 9;29/10/2020 17:00
Participant 10;29/10/2020 14:32
Participant 11;29/10/2020 17:00
Participant 12;29/10/2020 19:32
Participant 13;29/10/2020 19:32
Participant 14;29/10/2020 19:32
Participant 15;29/10/2020 17:00
Participant 16;29/10/2020 17:00
Participant 17;29/10/2020 17:00
Participant 18;29/10/2020 17:00
Participant 19;29/10/2020 11:00
Participant 20;29/10/2020 17:00
Participant 21;29/10/2020 17:00
Participant 22;29/10/2020 17:00
Participant 23;29/10/2020 14:32
Participant 24;29/10/2020 17:00
Participant 25;29/10/2020 19:32
Participant 26;29/10/2020 19:32
Participant 27;29/10/2020 19:32
Participant 28;29/10/2020 11:00
Participant 29;29/10/2020 17:00
Participant 30;29/10/2020 17:00
Participant 31;29/10/2020 17:00
Participant 32;29/10/2020 14:32
Participant 33;29/10/2020 11:00
Participant 34;29/10/2020 19:32
Participant 35;29/10/2020 19:32
Participant 36;29/10/2020 19:32
Participant 37;29/10/2020 23:32
Participant 38;29/10/2020 23:32
Participant 39;29/10/2020 17:00
Participant 40;29/10/2020 14:32
Participant 41;29/10/2020 11:00
Participant 42;29/10/2020 19:32
Participant 43;29/10/2020 19:32
Participant 44;29/10/2020 19:32
Participant 45;29/10/2020 21:00
Participant 46;29/10/2020 21:00
Participant 47;29/10/2020 17:00
Participant 48;29/10/2020 14:32
Participant 49;29/10/2020 11:00
Participant 50;29/10/2020 19:32
Participant 51;29/10/2020 19:32
Participant 52;29/10/2020 19:32
Participant 53;29/10/2020 23:32
Participant 54;29/10/2020 23:32
Participant 55;29/10/2020 17:00
Participant 56;29/10/2020 14:32
Participant 57;29/10/2020 11:00
Participant 58;29/10/2020 19:32
Participant 59;29/10/2020 19:32
Participant 60;29/10/2020 19:32
Participant 61;29/10/2020 23:00
Participant 62;29/10/2020 21:04
Participant 63;29/10/2020 21:04
Participant 64;29/10/2020 17:00
Participant 65;29/10/2020 14:32
Participant 66;29/10/2020 11:00
Participant 67;29/10/2020 19:32
Participant 68;29/10/2020 19:32
Participant 69;29/10/2020 19:32
Participant 70;29/10/2020 23:00
;
;