Participant 1;
Participant 2;
Participant 3;
Participant 4;
Participant 5;
Participant 6;
Participant 7;
Participant 8;
Participant 9;
Participant 10;
Participant 11;
Participant 12;
Participant 12;
Participant 13;
Participant 14;
Participant 15;
Participant 16;
Participant 17;
Participant 18;
Participant 19;
Participant 20;
Participant 21;
Participant 22;
Participant 23;
Participant 24;
Participant 25;
Participant 26;
Participant 27;
Participant 28;
Participant 29;
Participant 30;
Participant 31;
Participant 32;
Participant 33;
Participant 34;
Participant 35;
Participant 36;
Participant 37;
Participant 38;
Participant 39;
Participant 40;
Participant 41;
Participant 42;
Participant 43;
Participant 44;
Participant 45;
Participant 46;
Participant 47;
Participant 48;
Participant 49;
Participant 50;
Participant 51;
Participant 52;
Participant 53;
Participant 54;
Participant 55;
Participant 56;
Participant 57;
Participant 58;
Participant 59;
Participant 60;
Participant 61;
Participant 62;
Participant 63;
Participant 64;
Participant 65;
Participant 66;
Participant 67;
Participant 68;
Participant 69;
Participant 70;